Case ID,Narrative Link.x,caseid_name,TIES,TIES_code,PIIE,PIIE_code,GSDB,GSDB_code,ccode_target,state2,sender1,sender2,primarysender,institution,institutionid,startmonth,startday,startyear,endmonth,endday,endyear,ongoingasofmonth,ongoingasofday,ongoingasofyear,duration,verified,10,issue2,econ_issue,nonecon_issue,threatsanct,threatsanct_type,imposesanct,imposesanct_type,diplomatic,democracy_target,UNSC,human_rights,severity_CES,anticSender_CES,anticTarget_CES,SenderCost_CES,TargetCost_TWL,smart_TIES,smart_CES,sancimpositionstartmonth,sancimpositionstartday,sancimpositionstartyear,finaloutcome,sendersettlenature,tgtsettlenature,targetcapitulate,chinaoutcome,success,PRC_leader,PRCleader_1,,,,,,,,,,,,,,,,,,,,
196612710235,https://docs.google.com/document/d/1ydWjzlx_VRV2mhfgxVTPt_gMRnrAo7UplGoAbUzYbi8/export?format=pdf,12-3 Incident in Macau (Portugal),1,1967012401,0,,0,,235,Portugal,710,,710,0,,1,24,1967,1,29,1967,,,,5,1,8,,0,1,1,3,1,10,1,0,0,1,5,1,2,1,1,1,1,1,24,1967,7,8,2,1,6,1,Mao Zedong,1,,,,,,,,,,,,,,,,,,,,
196706710775,https://docs.google.com/document/d/1Ypx8WRjmrwI6gvnYYN1XqDMj_XCsTQkPg7WIo5vh9uE/export?format=pdf,Burma Riots,1,1967062801,0,,1,663,775,Myanmar,710,,710,0,,6,28,1967,10,7,1971,,,,1562,1,4,8,1,1,1,2,1,7,1,0,0,0,10,2,3,2,3,1,0,7,7,1967,9,5,5,0,0,0,Mao Zedong,1,,,,,,,,,,,,,,,,,,,,
197707710339,https://docs.google.com/document/d/123B8ngQmyW3i69F90X3w-W9aNitn_RilCELRbbfnP-I/export?format=pdf,Albanian Anti-China Rhetoric,1,1977070801,1,,1,14,339,Albania,710,,710,0,,7,8,1977,10,4,1983,,,,2279,1,7,,0,1,1,8,1,"7,8,1",1,0,0,0,10,2,2,3,3,0,0,7,8,1977,9,5,5,0,0,0,Hua Guofeng,2,,,,,,,,,,,,,,,,,,,,
197902710816,https://docs.google.com/document/d/1oFXa4PQey--96hLBuTBeUG3LCex7_dHbm64pDYOx3rc/export?format=pdf,Sino-Vietnamese Split,1,1978051201,1,,1,909,816,"Vietnam, Democratic Republic of",710,,710,0,,5,12,1978,,,1988,,,,3521,1,8,7,0,0,1,8,1,7,0,0,0,0,9,2,2,2,2,0,0,5,30,1978,10,5,5,1,0,1,Hua Guofeng,2,,,,,,,,,,,,,,,,,,,,
198101710210,https://docs.google.com/document/d/16udWqm2OshLXgBfF0kezv69fVSyiDTWg_LztoHq4wG8/export?format=pdf,Netherlands Taiwan Arms Sales,0,,0,,0,,210,Netherlands,710,,710,0,,,,1981,2,1,1984,,,,1126,1,9,5,0,1,0,0,1,9,1,1,0,0,5,1,1,1,1,1,1,2,,1981,7,9,1,1,8,1,Deng Xiaoping,3,,,,,,,,,,,,,,,,,,,,
198208710002,https://docs.google.com/document/d/1mHeMy-gGO5UwEJJcR-mmG0dpeppDV8lOK2haachfUJ4/export?format=pdf,Hu Na Asylum (USA),0,,0,,0,,2,United States of America,710,,710,0,,8,17,1982,,,1984,,,,,1,10,15,0,1,1,10,0,0,1,1,0,1,2,1,1,1,1,1,1,4,,1983,4,5,5,0,0,0,Deng Xiaoping,3,,,,,,,,,,,,,,,,,,,,
1983010201,,Unverifiable,1,1983010201,0,,0,,2,United States of America,710,,710,0,,1,2,1983,,,,,,,,0,13,,0,0,1,4,0,,0,1,0,0,0,0,0,0,0,1,0,1,2,1983,4,,,0,,0,Deng Xiaoping,3,,,,,,,,,,,,,,,,,,,,
1987119901,,Unverifiable,1,1987119901,0,,0,,740,Japan,710,,710,0,,5,6,1987,8,12,1988,,,,464,0,6,,0,0,1,10,1,3,0,1,0,0,0,0,0,0,0,1,0,11,,1987,6,8,2,1,,1,Deng Xiaoping,3,,,,,,,,,,,,,,,,,,,,
199109710220,https://docs.google.com/document/d/1bNUn67vioKXyAk7HnKrhmQzhgCe_IyBMZpHOk2Uo6mg/export?format=pdf,China sanctions France for Arms Sales to Taiwan,0,.,0,,1,350,220,France,710,,710,0,,8,,1991,1,,1994,,,,884,1,9,5,0,1,0,1,1,9,1,1,0,0,5,1,1,1,1,1,1,,,1991,6,6,4,1,2,1,Jiang Zemin,4,,,,,,,,,,,,,,,,,,,,
199109710345,https://documents-dds-ny.un.org/doc/RESOLUTION/GEN/NR0/596/49/PDF/NR059649.pdf?OpenElement,UNSC: FRY 1 EP1,0,.,0,,1,1084,345,Yugoslavia,710,220,229,1,4400,9,25,1991,5,30,1992,,,,248,1,2,,0,1,1,,1,,0,0,1,0,10,1,3,1,3,0,0,,,,10,4,6,0,-2,0,Jiang Zemin,4,,,,,,,,,,,,,,,,,,,,
199109710345,https://digitallibrary.un.org/record/142881?ln=en,UNSC: FRY 1 EP2,0,,0,,1,1084,345,Yugoslavia,710,2,2,1,4400,9,12,1991,10,1,1996,,,,,1,,,0,1,0,,0,,0,0,1,0,10,1,3,1,3,0,0,,,,,,,,,,Jiang Zemin,4,,,,,,,,,,,,,,,,,,,,
199212710811,https://digitallibrary.un.org/record/154414?ln=en,UNSC: Cambodia,0,,0,,1,112,811,Cambodia,710,2,2,1,4400,12,1,1992,9,24,1993,,,,,1,,,0,1,0,,0,,0,0,1,0,5,1,1,1,1,0,0,,,,10,5,5,1,0,1,Jiang Zemin,4,,,,,,,,,,,,,,,,,,,,
199211710450,https://documents-dds-ny.un.org/doc/UNDOC/GEN/N93/010/46/PDF/N9301046.pdf?OpenElement,UNSC: Liberia EP1,0,.,0,,1,592,450,Liberia,710,2,2,1,4400,11,19,1992,3,7,2001,,,,3030,1,2,,0,1,1,,1,,0,0,1,0,2,1,1,1,1,1,1,,,,10,4,6,0,-2,1,Jiang Zemin,4,,,,,,,,,,,,,,,,,,,,
199201710520,https://documents-dds-ny.un.org/doc/RESOLUTION/GEN/NR0/010/92/PDF/NR001092.pdf?OpenElement,UNSC: Somalia EP1,0,.,0,,1,866,520,Somalia,710,2,2,1,4400,1,23,1992,5,3,2002,,,,3753,1,2,,0,1,1,,1,,0,0,1,0,4,1,2,1,2,0,0,,,,9,2,8,0,-6,0,Jiang Zemin,4,,,,,,,,,,,,,,,,,,,,
1992083001,,Unverifiable,1,1992083001,1,,0,,816,"Vietnam, Democratic Republic of",710,,710,0,,8,30,1992,,,,,,,,0,13,,0,0,0,,1,5,0,0,0,0,0,0,0,0,0,0,0,8,30,1992,,,,0,,0,Jiang Zemin,4,,,,,,,,,,,,,,,,,,,,
199309710540,https://documents-dds-ny.un.org/doc/UNDOC/GEN/N93/502/71/PDF/N9350271.pdf?OpenElement,UNSC: Angola EP1,0,.,0,,1,24,540,Angola,710,2,2,1,4400,9,15,1993,8,28,1997,,,,1443,1,2,,0,1,1,,1,,0,0,1,0,6,1,2,1,2,0,0,,,,10,5,5,1,1,1,Jiang Zemin,4,,,,,,,,,,,,,,,,,,,,
19930871041,https://documents-dds-ny.un.org/doc/UNDOC/GEN/N93/473/12/PDF/N9347312.pdf?OpenElement,UNSC: Haiti EP2,0,.,0,,1,426,41,Haiti,710,2,2,1,4400,8,27,1993,10,13,1993,,,,47,1,3,,0,1,1,,1,3,0,0,1,0,10,1,3,1,3,1,1,,,,10,3,7,0,-4,0,Jiang Zemin,4,,,,,,,,,,,,,,,,,,,,
19931071041,https://documents-dds-ny.un.org/doc/UNDOC/GEN/N93/555/41/PDF/N9355541.pdf?OpenElement,UNSC: Haiti EP3,0,.,0,,1,427,41,Haiti,710,2,2,1,4400,10,13,1993,5,6,1994,,,,205,1,3,,0,1,1,,1,9,0,0,1,0,10,1,3,1,3,1,1,,,,10,7,3,1,3,1,Jiang Zemin,4,,,,,,,,,,,,,,,,,,,,
1993042401,,Unverifiable,1,1993042401,0,,0,,70,Mexico,710,,710,0,,4,24,1993,,,,12,17,2000,2794,0,13,,0,0,1,1,0,,0,0,0,0,0,0,0,0,0,1,0,,,,1,2,8,1,,1,Jiang Zemin,4,,,,,,,,,,,,,,,,,,,,
199405710517,https://documents-dds-ny.un.org/doc/UNDOC/GEN/N94/218/36/PDF/N9421836.pdf?OpenElement,UNSC: Rwanda EP1,0,.,0,,1,846,517,Rwanda,710,220,2,1,4400,5,17,1994,8,16,1995,,,,456,1,2,,0,1,1,,1,,0,0,1,0,3,1,1,1,1,0,0,,,,10,3,7,0,-5,1,Jiang Zemin,4,,,,,,,,,,,,,,,,,,,,
199503710002,https://docs.google.com/document/d/1FyrgSqzt9K1obG4tll2KUMfvqHUZgwO2eOrWuJXv7ZY/export?format=pdf,US-China Third Taiwan Strait Crisis,1,1995031601,0,0,3,16,1995,8,2,1995,United States,China,,,,2,,,,,0,,,,13,,,,1,1,,,,4,,1,2,3,,,1,,,,1,,,0,,,,,,,,,,,,,,,,,,,,5,5,5,,,,
199508710517,https://documents-dds-ny.un.org/doc/UNDOC/GEN/N95/241/77/PDF/N9524177.pdf?OpenElement,UNSC: Rwanda EP2,0,.,0,,1,847,517,Rwanda,710,220,2,1,4400,8,16,1995,7,10,2008,,,,4712,1,2,,0,1,1,,1,,0,0,1,0,3,1,1,1,1,0,0,,,,10,3,7,0,-4,1,Jiang Zemin,4,,,,,,,,,,,,,,,,,,,,
199407710816,https://docs.google.com/document/d/1fy6q91Ic0Jmqj_mXBa-SRkKseXHHp1GE/export?format=pdf,China-Vietnam Oil Exploration Dispute,0,.,0,,0,,816,"Vietnam, Democratic Republic of",710,,710,0,,4,,1996,,,,,,,22,0,5,15,0,0,1,1,0,,0,0,0,0,3,1,1,1,1,0,1,,,,9,5,5,0,0,0,Jiang Zemin,4,,,,,,,,,,,,,,,,,,,,
1.99705E+11,https://docs.google.com/document/d/1kRlIXAThejrV5xiNOSGeNH_734Kloati/export?format=pdf,Denmark Human Rights,1,1997040801,0,,0,,390,Denmark,710,,710,0,,4,8,1997,5,22,1997,,,,44,1,10,,0,1,1,1,1,9,1,1,0,1,6,1,2,1,1,1,1,,,,9,6,4,0,2,0,Jiang Zemin,4,,,,,,,,,,,,,,,,,,,,
199712710002,https://docs.google.com/document/d/1C2iuuhpevdh5QuCLKxbgHkRCDIaMIg9T/export?format=pdf,China USA Anti-Dumping (Paper),1,1997121101,0,,0,,2,United States of America,710,,710,0,,12,11,1997,6,30,2009,,,,2393,1,13,,1,0,1,4,1,3,1,1,0,0,2,1,1,1,1,1,1,12,11,1997,8,5,5,0,0,0,Jiang Zemin,4,,,,,,,,,,,,,,,,,,,,
199708710540,https://documents-dds-ny.un.org/doc/UNDOC/GEN/N97/226/93/PDF/N9722693.pdf?OpenElement,UNSC: Angola EP2,0,.,0,,1,25,540,Angola,710,,2,1,4400,8,28,1997,6,12,1998,,,,288,1,2,,0,1,1,,1,,1,0,1,0,6,1,2,1,2,1,1,,,,10,5,5,1,1,1,Jiang Zemin,4,,,,,,,,,,,,,,,,,,,,
199710710645,https://digitallibrary.un.org/record/245325?ln=en,UNSC: Iraq EP1,0,.,0,,1,504,645,Iraq,710,2,2,1,4400,10,23,1997,6,8,2004,,,,,1,,,0,1,0,,0,,0,0,1,0,6,1,3,1,3,0,0,,,,6,6,4,1,1,1,Jiang Zemin,4,,,,,,,,,,,,,,,,,,,,
199710710451,https://documents-dds-ny.un.org/doc/UNDOC/GEN/N97/267/13/PDF/N9726713.pdf?OpenElement,UNSC: Sierra Leone EP1,0,.,0,,1,855,451,Sierra Leone,710,,2,1,4400,10,8,1997,3,16,1998,,,,159,1,3,,0,1,1,,1,3,1,0,1,0,3,1,1,1,1,0,0,,,,10,9,1,1,7,1,Jiang Zemin,4,,,,,,,,,,,,,,,,,,,,
199712710020,https://docs.google.com/document/d/1C2iuuhpevdh5QuCLKxbgHkRCDIaMIg9T/export?format=pdf,China Canada Anti-Dumping (Paper),1,1997121102,0,,0,,20,Canada,710,,710,0,4580,12,11,1997,6,30,2009,,,,2393,1,13,,1,0,1,4,1,3,0,1,0,0,2,1,1,1,1,,,12,11,1997,9,5,5,0,0,0,Jiang Zemin,4,,,,,,,,,,,,,,,,,,,,
199712710732,https://docs.google.com/document/d/1C2iuuhpevdh5QuCLKxbgHkRCDIaMIg9T/export?format=pdf,China Korea Anti-Dumping (Paper),1,1997121103,0,,0,,732,"Korea, Republic of",710,,710,0,4580,12,11,1997,6,30,2009,,,,2393,1,13,,1,0,1,4,1,3,0,1,0,0,2,1,1,1,1,,,12,11,1997,9,5,5,0,0,0,Jiang Zemin,4,,,,,,,,,,,,,,,,,,,,
200203710365,https://docs.google.com/document/d/1-FW3y9VrAoHpDmYA7KQqs9gJbdRXoV5r9B3otBsUnG0/export?format=pdf,China-Russia Steel Imports,1,1998079901,0,0,7,,1998,,,,Colombia,China,,,,100,,,,,0,,,,13,,,,0,,,,,,,,,,,,,,,,,,,1,7,,1998,5,3,,,0,,,,1,,,,1,,,,9,-9,-9,,,,
199806710540,https://documents-dds-ny.un.org/doc/UNDOC/GEN/N98/166/52/PDF/N9816652.pdf?OpenElement,UNSC: Angola EP3,0,.,0,,1,26,540,Angola,710,,2,1,4400,6,12,1998,1,12,1999,,,,214,1,2,,0,1,1,,1,,1,0,1,0,6,1,2,1,2,1,1,,,,10,6,4,1,2,1,Jiang Zemin,4,,,,,,,,,,,,,,,,,,,,
199803710451,https://documents-dds-ny.un.org/doc/UNDOC/GEN/N98/066/30/PDF/N9806630.pdf?OpenElement,UNSC: Sierra Leone EP2,0,.,0,,1,856,451,Sierra Leone,710,,2,1,4400,3,16,1998,10,22,1999,,,,585,1,2,,0,1,1,,1,,0,0,1,0,4,1,2,1,2,1,1,,,,10,3,7,0,-3,1,Jiang Zemin,4,,,,,,,,,,,,,,,,,,,,
19980080701,,Unverifiable,1,1998080701,0,,0,,365,Russia (Soviet Union),710,,710,0,,8,7,1998,,,,1,14,2004,1986,0,13,,0,0,1,4,1,3,0,0,0,0,0,0,0,0,0,0,0,8,7,1998,,,,0,,0,Jiang Zemin,4,,,,,,,,,,,,,,,,,,,,
199901710540,https://documents-dds-ny.un.org/doc/UNDOC/GEN/N99/006/43/PDF/N9900643.pdf?OpenElement,UNSC: Angola EP4,0,.,0,,0,,540,Angola,710,,2,1,4400,1,12,1999,12,9,2002,,,,1427,1,2,,0,1,1,,1,,1,0,1,0,6,1,2,1,2,1,1,,,,10,7,3,1,5,1,Jiang Zemin,4,,,,,,,,,,,,,,,,,,,,
199910710451,https://documents-dds-ny.un.org/doc/UNDOC/GEN/N99/315/02/PDF/N9931502.pdf?OpenElement,UNSC: Sierra Leone EP3,0,.,0,,0,,451,Sierra Leone,710,,2,1,4400,10,22,1999,7,5,2000,,,,257,1,2,,0,1,1,,1,,0,0,1,0,4,1,2,1,2,1,1,,,,10,3,7,0,-3,1,Jiang Zemin,4,,,,,,,,,,,,,,,,,,,,
200005710530,https://documents-dds-ny.un.org/doc/UNDOC/GEN/N00/437/11/PDF/N0043711.pdf?OpenElement,UNSC: Ethiopia-Eritrea EP1,0,.,0,,1,312,530,Ethiopia,710,2,2,1,4400,5,17,2000,5,16,2001,,,,364,1,2,,0,1,1,,1,,0,0,1,0,4,1,2,1,2,0,0,,,,10,7,3,1,3,1,Jiang Zemin,4,,,,,,,,,,,,,,,,,,,,
200005710531,https://documents-dds-ny.un.org/doc/UNDOC/GEN/N00/437/11/PDF/N0043711.pdf?OpenElement,UNSC: Ethiopia-Eritrea EP1,0,.,0,,1,299,531,Eritrea,710,2,2,1,4400,5,17,2000,5,16,2001,,,,364,1,2,,0,1,1,,1,,0,0,1,0,4,1,2,1,2,0,0,,,,10,7,3,1,3,1,Jiang Zemin,4,,,,,,,,,,,,,,,,,,,,
200007710451,https://documents-dds-ny.un.org/doc/UNDOC/GEN/N00/517/01/PDF/N0051701.pdf?OpenElement,UNSC: Sierra Leone EP4,0,.,0,,1,857,451,Sierra Leone,710,,2,1,4400,7,5,2000,1,16,2002,,,,560,1,2,,0,1,1,,1,,0,0,1,0,4,1,2,1,2,1,1,,,,10,9,1,1,7,1,Jiang Zemin,4,,,,,,,,,,,,,,,,,,,,
200104710002,https://docs.google.com/document/d/1iWIduD7dgWHm88AoCg65mW4O2JpUoejp/edit?export?format=pdf&ouid=104467973975587797882&rtpof=true&sd=true,Hainan Island Incident,1,2001040101,0,0,4,1,2001,7,3,2001,United States,China,,,,2,,,,,0,,,,15,,,demand the detained plan and crew back,1,2,,,,10,,2,3,3,,,,,,,,,,0,,,,,,,,,,,,,,,,,,,,2,9,1,,,,
200109710700,https://documents-dds-ny.un.org/doc/UNDOC/GEN/N01/557/43/PDF/N0155743.pdf?OpenElement,UNSC: AQT EP3,0,.,0,,1,987,700,Afghanistan,710,2,2,1,4400,9,11,2001,6,17,2011,,,,3566,1,10,,0,1,1,,1,,1,0,1,0,10,1,3,1,3,1,1,,,,9,10,0,1,10,0,Jiang Zemin,4,,,,,,,,,,,,,,,,,,,,
200103710450,https://documents-dds-ny.un.org/doc/UNDOC/GEN/N01/276/08/PDF/N0127608.pdf?OpenElement,UNSC: Liberia EP2,0,.,0,,1,594,450,Liberia,710,2,2,1,4400,3,7,2001,5,6,2003,,,,790,1,2,,0,1,1,,1,,1,0,1,0,2,1,1,1,1,1,1,,,,10,7,3,1,5,1,Jiang Zemin,4,,,,,,,,,,,,,,,,,,,,
200106710740,https://docs.google.com/document/d/1pLafr_qaGSLubOitJuOusb4qO-L-ak0jMj8HahRKR4k/export?format=pdf,China Japanese Vegetables,1,2001042301,0,,0,,740,Japan,710,,710,1,4580,4,23,2001,12,27,2001,,,,248,1,13,,1,0,1,5,1,3,0,1,0,0,6,2,2,1,1,,,6,22,2001,10,5,5,1,0,1,Jiang Zemin,4,,,,,,,,,,,,,,,,,,,,
200203710002,https://docs.google.com/document/d/1kjZy53h2XVDcKijH1r0STR_MCCmPSby2SGNeM54SxBI/export?format=pdf,WTO: China challenges US over Steel Safeguards,0,,0,0,3,26,2002,12,4,2003,United States,China,,,,2,,,,,1,4580,,,13,,,,1,1,,,,3,,,,,,,1,,,,1,,,1,6,25,2002,6,3,,,,,,,1,,,,1,,,,6,,,,,,
200211710712,https://docs.google.com/document/d/1VtKtGsCfCT6zfnb9BlWYMhm36pQVTxvOa5DQCnkICYQ/export?format=pdf,Dalai Lama Visits Mongolia 2002,0,.,0,,0,,712,Mongolia,710,,710,0,,11,5,2002,11,7,2002,,,,2,1,10,,0,1,1,0,1,2,1,1,0,0,2,1,1,1,1,1,1,11,5,2002,8,4,6,0,-2,0,Jiang Zemin,4,,,,,,,,,,,,,,,,,,,,
200201710451,https://documents-dds-ny.un.org/doc/UNDOC/GEN/N02/215/96/PDF/N0221596.pdf?OpenElement,UNSC: Sierra Leone EP5,0,.,0,,0,,451,Sierra Leone,710,,2,1,4400,1,16,2002,9,29,2010,,,,3178,1,2,,0,1,1,,1,,0,0,1,0,4,1,2,1,2,1,1,,,,10,10,0,1,10,1,Jiang Zemin,4,,,,,,,,,,,,,,,,,,,,
200205710520,https://documents-dds-ny.un.org/doc/UNDOC/GEN/N02/366/07/PDF/N0236607.pdf?OpenElement,UNSC: Somalia EP2,0,.,0,,0,,520,Somalia,710,200,2,1,4400,5,3,2002,11,20,2008,,,,2393,1,2,,0,1,1,,1,,0,0,1,0,4,1,2,1,2,0,0,,,,9,2,8,0,-6,0,Jiang Zemin,4,,,,,,,,,,,,,,,,,,,,
200307710490,https://documents-dds-ny.un.org/doc/UNDOC/GEN/N03/443/15/PDF/N0344315.pdf?OpenElement,UNSC: DRC EP1,0,.,0,,1,209,490,"Congo, Democratic Republic of (Zaire)",710,220,2,1,4400,7,28,2003,4,18,2005,,,,630,1,2,,0,1,1,,1,,0,0,1,0,6,1,2,1,2,0,0,,,,9,4,6,0,-2,0,Jiang Zemin,4,,,,,,,,,,,,,,,,,,,,
200305710645,https://documents-dds-ny.un.org/doc/UNDOC/GEN/N03/368/53/PDF/N0336853.pdf?OpenElement,UNSC: Iraq EP2,0,.,0,,1,505,645,Iraq,710,2,2,1,4400,5,22,2003,6,8,2004,,,,383,1,2,,0,1,1,,1,,0,0,1,0,10,1,3,1,3,1,0,,,,7,7,3,1,4,1,Jiang Zemin,4,,,,,,,,,,,,,,,,,,,,
200305710450,https://documents-dds-ny.un.org/doc/UNDOC/GEN/N03/348/12/PDF/N0334812.pdf?OpenElement,UNSC: Liberia EP3,0,.,0,,1,595,450,Liberia,710,2,2,1,4400,5,6,2003,12,22,2003,,,,230,1,2,,0,1,1,,1,,1,0,1,0,3,1,1,1,1,1,1,,,,10,9,1,1,9,1,Jiang Zemin,4,,,,,,,,,,,,,,,,,,,,
200312710450,https://documents-dds-ny.un.org/doc/UNDOC/GEN/N03/669/60/PDF/N0366960.pdf?OpenElement,UNSC: Liberia EP4,0,.,0,,1,596,450,Liberia,710,2,2,1,4400,12,22,2003,6,16,2006,,,,907,1,2,,0,1,1,,1,,0,0,1,0,3,1,1,1,1,1,1,,,,10,9,1,1,8,1,Jiang Zemin,4,,,,,,,,,,,,,,,,,,,,
2004041471020,https://docs.google.com/document/d/1P_euAmMlkdziXd4xYcn5sNrJdr_JSBxxX6bJYEp4Gwo/export?format=pdf,Dalai Lama Visits Canada 2004,0,.,0,,1,125,20,Canada,710,,710,0,,4,14,2004,,,2004,,,,,1,10,,0,1,1,"1,3",0,0,1,1,0,0,2,1,1,1,1,1,1,,,,8,4,6,0,-2,0,Jiang Zemin,4,,,,,,,,,,,,,,,,,,,,
200411710437,https://documents-dds-ny.un.org/doc/UNDOC/GEN/N04/607/37/PDF/N0460737.pdf?OpenElement,UNSC: Côte d'Ivoire EP1,0,.,0,,1,227,437,Cote DIvoire,710,220,220,1,4400,11,15,2004,2,1,2005,,,,78,1,2,,0,1,1,,1,,0,0,1,0,3,1,1,1,1,1,1,,,,10,3,7,0,-5,1,Jiang Zemin,4,,,,,,,,,,,,,,,,,,,,
200406710645,https://documents-dds-ny.un.org/doc/UNDOC/GEN/N04/381/16/PDF/N0438116.pdf?OpenElement,UNSC: Iraq EP3,0,.,0,,1,506,645,Iraq,710,2,2,1,4400,6,8,2004,,,,7,31,2022,6627,1,2,,0,1,1,,1,,0,0,1,0,10,1,3,1,3,1,0,,,,7,6,4,0,2,1,Jiang Zemin,4,,,,,,,,,,,,,,,,,,,,
200502710437,https://documents-dds-ny.un.org/doc/UNDOC/GEN/N05/226/40/PDF/N0522640.pdf?OpenElement,UNSC: Côte d'Ivoire EP2,0,.,0,,1,228,437,Cote DIvoire,710,220,220,1,4400,2,1,2005,12,15,2005,,,,317,1,2,,0,1,1,,1,,0,0,1,0,3,1,1,1,1,0,0,,,,10,3,7,0,-3,1,Hu Jintao,5,,,,,,,,,,,,,,,,,,,,
200504710490,https://documents-dds-ny.un.org/doc/UNDOC/GEN/N05/312/21/PDF/N0531221.pdf?OpenElement,UNSC: DRC EP2,0,.,0,,1,210,490,"Congo, Democratic Republic of (Zaire)",710,220,220,1,4400,4,18,2005,3,31,2008,,,,1078,1,2,,0,1,1,,1,,0,0,1,0,6,1,2,1,2,1,1,,,,9,7,3,1,5,1,Hu Jintao,5,,,,,,,,,,,,,,,,,,,,
200510710660,https://documents-dds-ny.un.org/doc/UNDOC/GEN/N05/579/61/PDF/N0557961.pdf?OpenElement,UNSC: Lebanon EP1,0,.,0,,1,,660,Lebanon,710,2,2,1,4400,10,31,2005,,,,7,31,2022,6117,1,15,,0,1,1,,1,"7,9",0,1,1,0,2,1,1,1,1,1,1,,,,10,7,3,1,4,0,Hu Jintao,5,,,,,,,,,,,,,,,,,,,,
200606710020,https://docs.google.com/document/d/1Xdd_ovoy0Q2DsiMdF1Mul-syHoHsAVZFlxuBTYPXpT0/export?format=pdf,Canada honors Dalai Lama,0,,0,,0,,20,Canada,710,,710,0,,6,22,2006,,,,,,,,0,10,,0,1,1,1,0,0,0,1,0,0,1,1,1,1,1,0,0,,,,4,5,5,0,0,0,Hu Jintao,5,,,,,,,,,,,,,,,,,,,,
200607710731,https://documents.un.org/doc/undoc/gen/n06/572/07/pdf/n0657207.pdf?token=4Oph4JfyXGaBUmQLQh&fe=true,UNSC: DPRK EP2,0,,0,,1,545,731,"Korea, People's Republic of",710,2,2,1,4400,7,15,2006,,,,7,31,2022,,1,,,0,1,0,,0,,0,0,1,0,8,1,3,1,3,0,0,,,,9,5,5,1,0,0,Hu Jintao,5,,,,,,,,,,,,,,,,,,,,
200612710630,https://documents-dds-ny.un.org/doc/UNDOC/GEN/N06/681/42/PDF/N0668142.pdf?OpenElement,UNSC: Iran EP1,0,.,0,,1,487,630,Iran (Persia),710,2,2,1,4400,12,23,2006,3,24,2007,,,,91,1,6,,0,1,1,,1,,0,0,1,0,1,1,1,1,1,1,1,,,,6,6,4,0,2,1,Hu Jintao,5,,,,,,,,,,,,,,,,,,,,
200606710450,https://documents-dds-ny.un.org/doc/UNDOC/GEN/N06/392/20/PDF/N0639220.pdf?OpenElement,UNSC: Liberia EP5,0,.,0,,0,,450,Liberia,710,2,2,1,4400,6,16,2006,4,19,2018,,,,4325,1,2,,0,1,1,,1,,0,0,1,0,5,1,2,1,2,1,1,,,,10,8,2,1,6,1,Hu Jintao,5,,,,,,,,,,,,,,,,,,,,
200610710002,https://www.wto.org/english/tratop_e/dispu_e/cases_e/ds368_e.htm,WTO: China Challenges US over Coated Free Sheet Paper,0,,0,0,9,14,2007,,,,United States,China,,,,2,,,,,1,4580,,,13,,,,1,1,,,,3,,,,,,,1,,,,1,,,1,,,,6,3,,,,,,,1,,,,1,,,,9,,,,,,
200704710816,https://docs.google.com/document/d/1hLaY6xzOt4LDBP9wG2MhWB6FWHu24XH_iQKU8xE3I-I/export?format=pdf,BP Halts Oil Exploration,0,,0,,0,,816,"Vietnam, Democratic Republic of",710,,710,0,,4,12,2007,6,13,2007,,,,641,0,5,15,0,0,1,1,0,,0,0,0,0,3,1,1,1,1,0,1,,,,9,5,5,0,0,0,Hu Jintao,5,https://docs.google.com/document/d/1hLaY6xzOt4LDBP9wG2MhWB6FWHu24XH_iQKU8xE3I-I/edit?usp=sharing,BP Halts Oil Exploration,,x,,,,,,,,,,,,,,,,
200709710305,https://docs.google.com/document/d/1aKggUIDidkk0XhtuRhB3fKSC_bcdQiGnoU77t9f_tGo/export?format=pdf,Dalai Lama Visits Austria 2007,0,,0,,0,,305,Austria,710,,710,0,,9,,2007,,,,,,,396,0,10,,0,0,1,1,0,0,0,1,0,0,1,1,1,1,1,0,0,,,,4,5,5,0,0,0,Hu Jintao,5,https://docs.google.com/document/d/1aKggUIDidkk0XhtuRhB3fKSC_bcdQiGnoU77t9f_tGo/edit?usp=sharing,Dalai Lama Visits Austria 2007,,x,,,,,,,,,,,,,,,,
200709710255,https://docs.google.com/document/d/1TIQCbXn5WPqyKiegyUQTWfX6T4nBV3hwoPNtJmfqOfc/export?format=pdf,Dalai Lama Visits Germany 2007,0,,0,,0,,260,German Federal Republic,710,,710,0,,9,,2007,9,,2008,,,,366,1,10,,0,0,1,1,1,3,0,1,0,0,1,1,1,1,1,0,0,9,,2007,7,8,2,1,6,1,Hu Jintao,5,,,,,,,,,,,,,,,,,,,,
200703710630,https://documents-dds-ny.un.org/doc/UNDOC/GEN/N07/281/40/PDF/N0728140.pdf?OpenElement,UNSC: Iran EP2,0,.,0,,1,488,630,Iran (Persia),710,2,2,1,4400,3,24,2007,3,3,2008,,,,345,1,6,,0,1,1,,1,,0,0,1,0,3,1,1,1,1,1,1,,,,6,6,4,0,2,1,Hu Jintao,5,,,,,,,,,,,,,,,,,,,,
200809710002,https://www.wto.org/english/tratop_e/dispu_e/cases_e/ds379_e.htm,WTO: China challenges US over Anti-dumping Tariffs,0,,0,0,9,19,2008,3,11,2011,United States,China,,,,2,,,,,1,4580,,,13,,,,1,1,,,,3,,,,,,,1,,,,1,,,1,3,4,2009,6,3,,,,,,,1,,,,1,,,,9,,,,,,
200807710816,https://docs.google.com/document/d/1v_XN5aRdOZnJkR2pZHG8zYtTzOC7820VWgXtxMay-wk/export?format=pdf,ExxonMobil Vietnam Co-operation,0,,0,,0,,816,"Vietnam, Democratic Republic of",710,,710,0,,7,22,2008,,,,,,,,0,5,15,0,1,1,10,0,0,0,0,0,0,1,1,1,1,1,0,1,,,,4,5,5,0,0,0,Hu Jintao,5,https://docs.google.com/document/d/1v_XN5aRdOZnJkR2pZHG8zYtTzOC7820VWgXtxMay-wk/edit?usp=sharing,ExxonMobil Vietnam Co-operation,,x,,,,,,,,,,,,,,,,
200812710220,https://docs.google.com/document/d/1aHjnMLagEeEC6XEqMY-T-Io5Q66n2_vAaI_3muHVYE0/export?format=pdf,Dalai Lama Visits France 2008,0,.,0,,0,,220,France,710,,710,0,,12,,2008,11,,2009,,,,335,0,10,,0,1,1,1,1,3,0,1,0,0,2,1,1,1,1,0,0,12,,2008,7,5,5,1,0,1,Hu Jintao,5,https://docs.google.com/document/d/1aHjnMLagEeEC6XEqMY-T-Io5Q66n2_vAaI_3muHVYE0/edit?usp=sharing,Dalai Lama Visits France 2008,,x,,,,,,,,,,,,,,,,
200803710490,https://documents-dds-ny.un.org/doc/UNDOC/GEN/N08/288/63/PDF/N0828863.pdf?OpenElement,UNSC: DRC EP3,0,.,0,,0,,490,"Congo, Democratic Republic of (Zaire)",710,220,220,1,4400,3,31,2008,5,28,2010,,,,788,1,2,,0,1,1,,1,,0,0,1,0,6,1,2,1,2,1,1,,,,9,7,3,1,3,1,Hu Jintao,5,,,,,,,,,,,,,,,,,,,,
200803710630,https://documents-dds-ny.un.org/doc/UNDOC/GEN/N08/257/81/PDF/N0825781.pdf?OpenElement,UNSC: Iran EP3,0,.,0,,1,489,630,Iran (Persia),710,2,2,1,4400,3,3,2008,6,9,2010,,,,828,1,6,,0,1,1,,1,,0,0,1,0,5,1,2,1,2,1,1,,,,6,6,4,1,2,1,Hu Jintao,5,,,,,,,,,,,,,,,,,,,,
200811710520,https://documents-dds-ny.un.org/doc/UNDOC/GEN/N08/611/31/PDF/N0861131.pdf?OpenElement,UNSC: Somalia EP3,0,.,0,,0,,520,Somalia,710,200,2,1,4400,11,20,2008,12,23,2009,,,,398,1,2,,0,1,1,,1,,0,0,1,0,4,1,2,1,2,1,1,,,,9,3,7,0,-4,0,Hu Jintao,5,,,,,,,,,,,,,,,,,,,,
200809710002,https://www.wto.org/english/tratop_e/dispu_e/cases_e/ds379_e.htm,WTO: China challenges US over anti-dumping proceedings,0,,0,,0,,2,United States of America,710,,710,1,4580,9,19,2008,3,11,2011,,,,903,1,13,,1,0,1,4,1,3,0,1,0,0,4,1,1,1,1,,,3,4,2009,9,5,5,0,0,0,Hu Jintao,5,,,,,,,,,,,,,,,,,,,,
200909710002,https://www.wto.org/english/tratop_e/dispu_e/cases_e/ds379_e.htm,WTO: China challenges US over Tires,0,,0,0,9,14,2009,10,5,2011,United States,China,,,,2,,,,,1,4580,,,13,,,,1,1,,,,3,,,,,,,1,,,,1,,,1,11,26,2009,6,3,,,,,,,1,,,,1,,,,9,,,,,,
2009077101830,https://www.wto.org/english/tratop_e/dispu_e/cases_e/ds397_e.htm,WTO: China v. EU Steel Fasteners,0,.,0,,0,,1653,EU,710,,710,1,4580,12,29,2008,,,2010,,,,2402,1,13,,1,0,1,4,1,3,0,1,0,0,4,1,1,1,1,,,,,,10,9,1,1,8,1,Hu Jintao,5,,,,,,,,,,,,,,,,,,,,
200904710002,https://www.wto.org/english/tratop_e/dispu_e/cases_e/ds392_e.htm,WTO: China challenges US over poultry products,0,,0,,0,,2,United States of America,710,,710,1,4580,4,17,2009,10,25,2010,,,,556,1,13,,1,0,1,4,1,3,0,1,0,0,4,1,1,1,1,,,11,23,2009,9,5,5,0,0,0,Hu Jintao,5,,,,,,,,,,,,,,,,,,,,
201009710740,https://docs.google.com/document/d/1g_aW4mmyMEUWkPPew6Rz34ZeHaHTl33v/export?format=pdf,China Halts Rare Earth Mineral Exports to Japan,0,.,0,,0,,740,Japan,710,,710,0,,9,7,2010,,,2010,,,,109,0,4,5,0,1,0,1,1,"4, 10",0,1,0,0,9,2,3,2,2,1,1,9,21,2010,10,5,5,0,0,0,Hu Jintao,5,,,,,,,,,,,,,,,,,,,,
201012710385,https://docs.google.com/document/d/1peDy7zJ1EBfgekb2Cs3XbM4k-YMHLBEb/export?format=pdf,Nobel Prize for Liu Xiaobo,0,,0,,1,733,385,Norway,710,,710,0,,9,,2010,12,,2016,,,,2283,0,10,15,0,0,1,1,1,3,0,1,0,1,1,1,1,1,1,0,0,10,,2010,9,7,5,0,2,0,Hu Jintao,5,,,,,,,,,,,,,,,,,,,,
201001710002,https://docs.google.com/document/d/11495UVmqgM-7A_rCVJH6OsCObumlt0RB/export?format=pdf,US Taiwan Arms Sales 2010,0,.,0,,0,,2,United States of America,710,,710,0,,1,,2010,,,,,,,,1,13,,0,1,1,,0,0,,1,0,0,2,1,1,1,1,0,0,,,,3,4,6,0,-2,0,Hu Jintao,5,,,,,,,,,,,,,,,,,,,,
201012710437,https://documents-dds-ny.un.org/doc/UNDOC/GEN/N10/702/17/PDF/N1070217.pdf?OpenElement,UNSC: Côte d'Ivoire EP4,0,.,0,,0,,437,Cote DIvoire,710,220,220,1,4400,12,20,2010,4,28,2011,,,,129,1,3,,0,1,1,,1,9,0,0,1,0,3,1,1,1,1,1,1,,,,10,9,1,1,9,1,Hu Jintao,5,,,,,,,,,,,,,,,,,,,,
201005710490,https://documents-dds-ny.un.org/doc/UNDOC/GEN/N10/380/13/PDF/N1038013.pdf?OpenElement,UNSC: DRC EP4,0,.,0,,0,,490,"Congo, Democratic Republic of (Zaire)",710,220,220,1,4400,5,28,2010,,,,7,31,2022,4447,1,2,,0,1,1,,1,,0,0,1,0,6,1,2,1,2,1,1,,,,9,4,6,0,-2,0,Hu Jintao,5,,,,,,,,,,,,,,,,,,,,
201006710630,https://documents-dds-ny.un.org/doc/UNDOC/GEN/N10/396/79/PDF/N1039679.pdf?OpenElement,UNSC: Iran EP4,0,.,0,,1,490,630,Iran (Persia),710,2,2,1,4400,6,9,2010,,,,7,31,2022,4435,1,6,,0,1,1,,1,,0,0,1,0,6,1,2,1,2,1,1,,,,6,6,4,1,2,1,Hu Jintao,5,,,,,,,,,,,,,,,,,,,,
2010027101830,https://www.wto.org/english/tratop_e/dispu_e/cases_e/ds405_e.htm,WTO: Anti-Dumping Measures on Certain Footwear from China,0,.,0,,0,,1653,EU,710,,710,1,4580,2,4,2010,12,17,2012,,,,1047,1,13,,1,0,1,4,1,3,0,1,0,0,2,1,1,1,1,,,,,,10,4,6,1,-2,1,Hu Jintao,5,,,,,,,,,,,,,,,,,,,,
201102710002,https://www.wto.org/english/tratop_e/dispu_e/cases_e/ds422_e.htm,"WTO: China challenges US over shrimp, diamond sawblades",0,,0,0,2,28,2011,,,,United States,China,3,26,2013,2,,,,,1,4580,,,13,,,,0,,,,,3,,,,,,,1,,,,1,,,1,12,21,2011,6,3,,,,,,,1,,,,1,,,,9,,,,,,
201106710700,https://documents-dds-ny.un.org/doc/UNDOC/GEN/N11/380/14/PDF/N1138014.pdf?OpenElement,UNSC: AQT EP4,0,.,0,,0,,700,Afghanistan,710,2,2,1,4400,6,17,2011,,,,7,31,2022,4062,1,10,,0,1,1,,1,,0,0,1,0,10,1,3,1,3,1,1,,,,9,9,1,1,8,0,Hu Jintao,5,,,,,,,,,,,,,,,,,,,,
201104710437,https://documents-dds-ny.un.org/doc/UNDOC/GEN/N11/315/11/PDF/N1131511.pdf?OpenElement,UNSC: Côte d'Ivoire EP5,0,.,0,,0,,437,Cote DIvoire,710,,220,1,4400,4,28,2011,,,,7,31,2022,4112,1,2,,0,1,1,,1,,0,0,1,0,3,1,1,1,1,1,1,,,,10,5,5,1,0,1,Hu Jintao,5,,,,,,,,,,,,,,,,,,,,
201109710620,https://documents-dds-ny.un.org/doc/UNDOC/GEN/N11/502/44/PDF/N1150244.pdf?OpenElement,UNSC: Libya 1 EP3,0,.,0,,1,610,620,Libya,710,200,2,1,4400,9,16,2011,,,,7,31,2022,3971,1,10,,0,1,1,,1,,0,0,1,0,5,1,2,1,2,1,1,,,,10,9,1,1,8,0,Hu Jintao,5,,,,,,,,,,,,,,,,,,,,
201106710700,https://documents-dds-ny.un.org/doc/UNDOC/GEN/N11/380/14/PDF/N1138014.pdf?OpenElement,UNSC: Taliban EP1,0,.,0,,1,988,700,Afghanistan,710,2,2,1,4400,6,17,2011,,,,7,31,2022,4062,1,10,,0,1,1,,1,,0,0,1,0,10,1,3,1,3,1,1,,,,9,9,1,1,8,0,Hu Jintao,5,,,,,,,,,,,,,,,,,,,,
201204710840,https://docs.google.com/document/d/13nsjZIxBIWW4c8ls255HsmVIBvwaMxZB/export?format=pdf,China Sanctions Philippines Bananas,0,.,0,,0,,840,Philippines,710,,710,0,,4,10,2012,,,,10,20,2016,1654,0,4,5,0,1,0,1,1,"3, 9",1,1,0,0,6,1,2,1,2,1,1,5,,2012,9,7,3,0,4,0,Hu Jintao,5,,,,,,,,,,,,,,,,,,,,
201205710002,https://www.wto.org/english/tratop_e/dispu_e/cases_e/ds437_e.htm,WTO: China challenges US over countervailing duty measures,0,,0,0,5,25,2012,8,15,2019,United States,China,,,,2,,,,,1,4580,,,13,,,,0,,,,,3,,,,,,,1,,,,1,,,1,11,26,2012,6,3,,,,,,,1,,,,1,,,,9,,,,,,
201209710002,https://www.wto.org/english/tratop_e/dispu_e/cases_e/ds449_e.htm,WTO: China challenges US over countervailing,0,,0,0,9,17,2012,8,21,2015,United States,China,,,,2,,,,,1,4580,,,13,,,,1,6,,,,3,,,,,,,1,,,,1,,,1,12,17,2012,6,3,,,,,,,1,,,,1,,,,9,,,,,,
201207710740,https://docs.google.com/document/d/1U3FnGYkxRbVKTCMql1lhgkcrtwqKRHO36d60Wu69iWU/export?format=pdf,Senkaku Island Nationalization,0,,0,,0,,740,Japan,710,,2,0,,7,7,2012,,,,6,22,2020,2841,0,5,,0,0,1,1,1,10,0,1,0,0,4,1,1,1,1,0,0,9,,2012,9,5,5,0,0,0,Hu Jintao,5,,,,,,,,,,,,,,,,,,,,
201205710404,https://documents-dds-ny.un.org/doc/UNDOC/GEN/N12/346/47/PDF/N1234647.pdf?OpenElement,UNSC: Guinea-Bissau EP1,0,.,0,,1,419,404,Guinea-Bissau,710,,220,1,4400,5,18,2012,,,,7,31,2022,3726,1,3,,0,1,1,,1,9,0,0,1,0,1,1,1,1,1,1,1,,,,9,5,5,1,1,0,Hu Jintao,5,,,,,,,,,,,,,,,,,,,,
201202710520,https://documents-dds-ny.un.org/doc/UNDOC/GEN/N12/238/47/PDF/N1223847.pdf?OpenElement,UNSC: Somalia EP5,0,.,0,,1,868,520,Somalia,710,,2,1,4400,2,22,2012,12,1,2023,,,,3812,1,2,,0,1,1,,1,,0,0,1,0,4,1,2,1,2,1,1,,,,9,4,6,0,-2,0,Hu Jintao,5,,,,,,,,,,,,,,,,,,,,
201312710482,https://documents-dds-ny.un.org/doc/UNDOC/GEN/N13/594/43/PDF/N1359443.pdf?OpenElement,UNSC: CAR EP1,0,.,0,,1,140,482,Central African Republic,710,220,2,1,4400,12,5,2013,,,,7,31,2022,3160,1,2,,0,1,1,,1,,0,0,1,0,10,1,3,1,3,0,0,,,,9,4,6,0,-2,0,Xi Jinping,6,,,,,,,,,,,,,,,,,,,,
2013012710002,https://www.wto.org/english/tratop_e/dispu_e/cases_e/ds471_e.htm,WTO: China challenges US over anti-dumping proceedings,0,,0,0,12,3,2013,11,1,2019,United States,China,,,,2,,,,,1,,,,13,,,,,,,,,,,,,,,,,,,,,,,1,8,28,2014,6,3,,,,,,,1,,,,1,,,,9,,,,,,
201303710731,https://documents-dds-ny.un.org/doc/UNDOC/GEN/N13/253/06/PDF/N1325306.pdf?OpenElement,UNSC: DPRK EP3,0,.,0,,0,,731,"Korea, People's Republic of",710,2,2,1,4400,3,7,2013,,,,7,31,2022,3433,1,6,,0,1,1,,1,,0,0,1,0,4,1,2,1,2,1,1,,,,9,5,5,0,0,0,Xi Jinping,6,,,,,,,,,,,,,,,,,,,,
201405710816,https://docs.google.com/document/d/1dwxbfRVLvgCH2ph_CnAlf6XL-Abo7MVy/export?format=pdf,Chinese Tensions with Vietnam over Chinese Oil Rig Near Disputed Waters,0,.,0,,0,,816,"Vietnam, Democratic Republic of",710,,710,0,,5,2,2014,,,,7,31,2022,3012,0,5,,1,0,0,,1,10,0,0,0,0,5,1,1,1,1,1,0,6,,2014,8,0,0,0,0,0,Xi Jinping,6,,,,,,,,,,,,,,,,,,,,
2015047101830,https://www.wto.org/english/tratop_e/dispu_e/cases_e/ds492_e.htm,WTO: Measures Affecting Tariff Concessions on Certain Poultry Meat Products,0,.,0,,0,,1653,EU,710,,710,1,4580,4,8,2015,5,30,2019,,,,1513,1,13,,1,0,1,4,1,3,0,1,0,0,4,1,1,1,1,,,,,,6,6,4,1,2,1,Xi Jinping,6,,,,,,,,,,,,,,,,,,,,
201601710713,https://docs.google.com/document/d/11CWItjt5VQtHelY9ZY2F-P54zcLnh-2KDNCWk2E-ec4/export?format=pdf,China Sanctions Taiwan following Tsai election,0,.,0,,0,,713,Taiwan,710,,710,0,,1,,2016,,,,,,,,1,3,5,0,1,0,1,1,8,0,1,0,0,3,1,2,1,1,1,1,1,,2016,9,5,5,0,0,0,Xi Jinping,6,,,,,,,,,,,,,,,,,,,,
201610710317,https://docs.google.com/document/d/10E0RCPUzsWXWkHW1k7FwZo8xv9y_CSfB0KTFNCdvqH0/export?format=pdf,Dalai Lama visits Slovakia 2016,0,,0,,0,,317,Slovakia,710,,710,0,,10,17,2016,,,,,,,,0,10,,0,0,1,,0,1,0,1,0,1,1,1,1,1,1,0,0,,,,4,5,5,0,0,0,Xi Jinping,6,https://docs.google.com/document/d/10E0RCPUzsWXWkHW1k7FwZo8xv9y_CSfB0KTFNCdvqH0/edit?usp=sharing,Dalai Lama visits Slovakia 2016,,x,,,,,,,,,,,,,,,,
20169710EU,https://docs.google.com/document/d/1EkeafVXH_IuZyfR7Q5KB2ckHW_fN4Iq1smj0WP1EHg4/export?format=pdf,Dalai Lama Visit (EU),0,,0,,0,,1653,EU,710,,710,0,,9,19,2016,,,,,,,,1,10,,0,1,1,1,0,0,0,1,0,0,1,1,1,1,1,0,0,,,,4,5,5,0,0,0,Xi Jinping,6,,,,,,,,,,,,,,,,,,,,
201611710712,https://docs.google.com/document/d/1TYjdtfg6Yo7N7wiAqQDh1R5e3FQXmjYc0oSZodmSw2E/export?format=pdf,Dalai Lama Visits Mongolia 2016,0,,0,,0,,712,Mongolia,710,,710,0,,11,25,2016,,,,1,24,2017,60,0,10,,0,0,1,1,1,"3,8",0,1,0,0,1,1,1,1,1,0,0,11,24,2016,6,9,1,1,8,1,Xi Jinping,6,https://docs.google.com/document/d/1TYjdtfg6Yo7N7wiAqQDh1R5e3FQXmjYc0oSZodmSw2E/edit?usp=sharing,Dalai Lama Visits Mongolia 2016,,x,,,,,,,,,,,,,,,,
201610710732,https://docs.google.com/document/d/199KDQpPKjndkzKItMS4FoGO5GLyZQ8qblnFXwG7rY7M/export?format=pdf,ROK THAAD Sanctions,0,.,0,,0,,732,"Korea, Republic of",710,,710,0,,10,,2016,4,,2019,,,,912,1,2,7,0,1,0,9,1,"3, 8",1,1,0,0,7,1,2,1,1,1,1,10,,2016,10,4,6,0,-2,1,Xi Jinping,6,,,,,,,,,,,,,,,,,,,,
2016127101830,https://www.wto.org/english/tratop_e/dispu_e/cases_e/ds516_e.htm,WTO: Measures Related to EU Price Comparison Methodologies,0,.,0,,0,,1653,EU,710,,710,1,4580,12,12,2016,6,15,2020,,,,1281,1,13,,1,0,1,4,0,0,0,1,0,0,4,1,1,1,1,,,,,,3,4,6,0,-2,1,Xi Jinping,6,,,,,,,,,,,,,,,,,,,,
201811710900,https://www.wto.org/english/tratop_e/dispu_e/cases_e/ds515_e.htm,WTO: China challenges the US over Price Comparison Methodologies,0,,0,0,12,12,2016,,,,United States,China,,,,2,,,,,1,4580,,,13,,,,0,,,,,3,,,,,,,1,,,,1,,,1,,,,,3,,,,,,,1,,,,1,,,,9,,,https://docs.google.com/document/d/1Sr5tcqJpkiVan5rofTx2o53VuOiQxHxw/edit?usp=sharing&ouid=116389071470684088340&rtpof=true&sd=true,WTO: US challenges China over tariff rate quotas,,x
201711710986,https://docs.google.com/document/d/1AkW1o8atgztbWFTwG0ogq_ofxf8-Gk32YuOXnkFaiT8/export?format=pdf,Palau Tourism Ban,0,.,0,,0,,986,Palau,710,,710,0,,11,,2017,,,,,,,,1,7,,0,1,0,0,1,8,0,1,0,0,7,1,3,1,2,0,0,,,2017,9,2,8,0,-6,0,Xi Jinping,6,,,,,,,,,,,,,,,,,,,,
201512710002,https://docs.google.com/document/d/1y_Tu08UmkcNmliOQtJqTqmGTmnpvpojC/export?format=pdf,US Taiwan Arms Sales 2015,0,.,0,,0,,2,United States of America,710,,710,0,,6,,2017,,,,,,2020,944,1,9,1,0,1,1,4,0,0,0,1,0,0,4,1,1,1,1,1,1,6,,2017,9,5,5,0,0,0,Xi Jinping,6,,,,,,,,,,,,,,,,,,,,
201706710002,https://docs.google.com/document/d/1vATuuSmqDZvrW1NQrZ4uRxBo4UKO_0gt/export?format=pdf,Taiwan Arms Sales 2017,0,.,0,,0,,2,United States of America,710,,710,0,,6,,2017,,,,,,2020,944,1,9,1,0,1,1,4,0,0,0,1,0,0,4,1,1,1,1,1,1,6,,2017,9,5,5,0,0,0,Xi Jinping,6,,,,,,,,,,,,,,,,,,,,
201804710002,https://www.wto.org/english/tratop_e/dispu_e/cases_e/ds543_e.htm,WTO: China challenges the US on import tariffs,0,.,0,,0,,2,United States of America,710,,710,1,4580,4,4,2018,,,,,,2020,,1,13,,1,0,1,4,1,3,1,1,0,0,4,1,1,1,1,,,6,3,2019,9,5,5,0,0,0,Xi Jinping,6,,,,,,,,,,,,,,,,,,,,
201808710002,https://www.wto.org/english/tratop_e/dispu_e/cases_e/ds562_e.htm,WTO: China challenges the US on PV products,0,.,0,,0,,2,United States of America,710,,710,1,4580,8,14,2018,,,,,,2020,,1,13,,1,0,1,4,0,0,1,1,0,0,4,1,1,1,1,,,10,24,2019,4,5,5,0,0,0,Xi Jinping,6,,,,,,,,,,,,,,,,,,,,
201808710002,https://www.wto.org/english/tratop_e/dispu_e/cases_e/ds563_e.htm,WTO: China challenges US on renewable energy subsidies,0,.,0,,0,,2,United States of America,710,,710,1,4580,8,14,2018,,,,,,2020,,1,13,,1,0,1,4,0,0,1,1,0,0,4,1,1,1,1,,,,,,4,5,5,0,0,0,Xi Jinping,6,,,,,,,,,,,,,,,,,,,,
201804710002,https://www.wto.org/english/tratop_e/dispu_e/cases_e/ds563_e.htm,WTO: China challenges US on Steel and Aluminum tariffs,0,.,0,,0,,2,United States of America,710,,710,1,4580,4,5,2018,,,,,,2020,,1,13,,1,0,1,4,0,0,1,1,0,0,4,1,1,1,1,,,1,25,2019,4,5,5,0,0,0,Xi Jinping,6,,,,,,,,,,,,,,,,,,,,
201909710002,https://www.wto.org/english/news_e/news18_e/ds565rfc_27aug18_e.htm,WTO: China challenges US on tariff measures II,0,.,0,,0,,2,United States of America,710,,710,1,4580,9,2,2019,,,,,,2020,,1,13,,1,0,1,4,1,3,1,1,0,0,4,1,1,1,1,,,,,,9,5,5,0,0,0,Xi Jinping,6,,,,,,,,,,,,,,,,,,,,
201808710002,https://www.wto.org/english/tratop_e/dispu_e/cases_e/ds565_e.htm,WTO: China challenges US on tariffs on $16 billion worth of imports,0,.,0,,0,,2,United States of America,710,,710,1,4580,8,23,2018,,,,,,2020,,1,13,,1,0,1,4,1,3,1,1,0,0,4,1,1,1,1,,,,,,9,5,5,0,0,0,Xi Jinping,6,,,,,,,,,,,,,,,,,,,,
201909710002,https://www.wto.org/english/tratop_e/dispu_e/cases_e/ds587_e.htm,WTO: United States — Tariff measures on certain goods from China III,0,,0,,0,,2,United States of America,710,,710,1,4580,9,,2018,,,,7,31,2022,,1,,,1,0,1,,1,,0,1,0,0,4,1,1,1,1,,,,,,9,5,5,0,0,0,Xi Jinping,6,,,,,,,,,,,,,,,,,,,,
20181271020,https://docs.google.com/document/d/1ufpgSrIildYn-OVHR-BFzUclb54jxyt-UPSxEHVid6Y/export?format=pdf,"China Arrests Michael Kovrig, Michael Spavor",0,.,0,,0,,20,Canada,710,,710,0,,6,19,2019,,,,9,22,2020,,0,4,,0,1,0,0,1,10,1,1,0,0,5,1,1,1,1,1,1,,,2019,9,5,5,0,0,0,Xi Jinping,6,,,,,,,,,,,,,,,,,,,,
201901710002,https://docs.google.com/document/d/1IoUkq0FJqAqjWUmmKtksN-9wm63zfz90Dkk3Mqq8oIg/export?format=pdf,China Limits Tourism to the US 2019,0,.,0,,0,,2,United States of America,710,,710,0,,,,2019,,,,,,,,1,15,,0,1,0,9,1,9,0,1,0,0,4,1,1,1,1,0,0,,,2019,9,5,5,0,0,0,Xi Jinping,6,,,,,,,,,,,,,,,,,,,,
201909710255,https://docs.google.com/document/d/1QLfUmNrpiK8k-dGcRoy1Qr1FAYxYvYB_XJ8YvcIXdV4/export?format=pdf,Travel Ban on German Human Rights Committee,0,.,0,,0,,255,Germany,710,,710,0,,,,2019,,,,,,,,0,,,,,1,,0,8,1,1,0,1,1,1,1,1,1,1,1,,,,9,5,5,0,0,0,Xi Jinping,6,,,,,,,,,,,,,,,,,,,,
201907710316,https://docs.google.com/document/d/1KcLK78RIqnM4wR-JgKbNEu2ez52jY7pieS2Y2hrwiII/export?format=pdf,Czech Senate Support for Taiwan,0,.,0,,0,,316,Czech Republic,710,,710,0,,,,2019,,,,,,2020,365,1,7,,0,1,1,1,1,10,1,1,0,1,2,1,1,1,1,1,1,,,2019,9,4,6,0,-2,0,Xi Jinping,6,,,,,,,,,,,,,,,,,,,,
201902710920,https://docs.google.com/document/d/1pNx0n1SqymAj3Iry3g0FMTXEY4bneCnHeKUmF8xX7rY/export?format=pdf,New Zealand Tourism Ban,0,.,0,,0,,920,New Zealand,710,,710,0,,2,,2019,,,,,,,,0,13,,1,0,0,0,1,8,1,1,0,0,4,1,1,1,1,0,0,2,,2019,9,5,5,0,0,0,Xi Jinping,6,,,,,,,,,,,,,,,,,,,,
201911710380,https://docs.google.com/document/d/1iYCrNLNH8u_PenImt5O49VgQwQNuGAy4MtPhoGktV3g/export?format=pdf,Sweden PEN Award,0,.,0,,0,,380,Sweden,710,,710,0,,11,,2019,,,,12,30,2019,59,1,10,15,0,1,0,"4, 9, 10",1,"8, 9",1,1,0,1,4,1,1,1,1,1,1,11,,2019,9,5,5,0,0,0,Xi Jinping,6,,,,,,,,,,,,,,,,,,,,
201908710713,https://docs.google.com/document/d/19ogOmHNb-R43jiRyu-xDYfxh6B9OsSZAyejsexee65s/export?format=pdf,Taiwan Tourism Ban,0,.,0,,0,,713,Taiwan,710,,710,0,,8,1,2019,,,,,,,,0,3,5,0,1,0,0,1,10,0,1,0,0,6,1,2,1,1,0,0,8,1,2019,9,4,6,0,-2,0,Xi Jinping,6,,,,,,,,,,,,,,,,,,,,
20190571002,https://docs.google.com/document/d/1eOYSUpIrwSs8u0G_lPusbZkJEUAi6fBTTOjYndue-2o/export?format=pdf,China Entities List,0,.,0,,0,,2,United States of America,710,,710,0,,5,31,2019,,,,,,,,1,13,,1,0,1,4,1,3,0,1,0,0,1,1,1,1,1,1,1,,,,9,5,5,0,0,0,Xi Jinping,6,,,,,,,,,,,,,,,,,,,,
200040710900,https://docs.google.com/document/d/1LMgJr5M2cTNWRsY8LAQjMIZ_8Ha0ak7tSzseTJ6FczA/export?format=pdf,China-Australia Trade War,0,.,0,,0,,900,Australia,710,,710,0,,5,,2020,,,,,,,,1,7,13,1,1,0,4,1,3,0,1,0,0,6,1,2,1,1,1,1,,,,9,5,5,0,0,0,Xi Jinping,6,,,,,,,,,,,,,,,,,,,,
202012710002,https://docs.google.com/document/d/1DHZW8uoAh-aH6WoLEkcKxdRuM-CxSfIF/export?format=pdf,US Taiwan Arms Sales 2020,0,.,0,,0,,2,United States of America,710,,710,0,,,,2020,,,,,,2023,,1,9,1,0,1,1,4,1,0,0,1,0,0,4,1,1,1,1,1,1,6,,2017,9,5,5,0,0,0,Xi Jinping,6,,,,,,,,,,,,,,,,,,,,
